Link,Title,Description
https://www.timeout.com/singapore/things-to-do/the-time-out-singapore-hotlist,"The Best Things To Do In Singapore This Week: Mar 4 to Mar 10, 2024","March has arrived and our lion city is buzzing with excitement as 
long-awaited pop-up events and concerts will be happening this week. 
Foodies will flock to..."
https://www.theurbanlist.com/singapore/a-list/taylor-swift-eras-tour-events-singapore,The Best Taylor Swift Eras Tour Events Happening In Singapore,"If you, like us, simply can't get enough of Taylor Swift right now, there 
are plenty of upcoming events to help you celebrate The Eras Tour in style."
https://www.lifestyleasia.com/sg/whats-on/events-whats-on/best-2024-music-concerts-festivals-singapore/,The best and most anticipated 2024 music concerts and festivals in Singapore,"It's clear that Coldplay and Taylor Swift have kickstarted the music 
concert fever in Singapore for 2024, so here are the best ones to book."
https://www.timeout.com/singapore/things-to-do/things-to-do-in-singapore-this-weekend,"The Best Things To Do In Singapore This Weekend: Mar 1 to 3, 2024","Make the most of your weekend with our top picks of things to do, see and 
more in Singapore."
https://www.8days.sg/seeanddo/thingstodo/things-do-singapore-2023-weekend-june-9-11-795981,Best Things To Do In Singapore This Weekend (June 9-11),"Green and bear it — there's a slew of cool outdoor activities happening 
this weekend."
https://www.femalemag.com.sg/gallery/culture/where-to-party-rave-in-singapore-december-2023/,Top 10 Parties And Raves Happening In Singapore In December 2023,"Our preferred way to kick off the holiday season: Hit the dance floor! 
Here, 10 raves and parties happening in Singapore in December 2023."
https://www.lifestyleasia.com/sg/whats-on/events-whats-on/best-hari-raya-ramadan-bazaar-events-singapore/,Best 2024 Hari Raya events and Ramadan bazaar in Singapore,"Bask in the 2024 Ramadan festivities at these vibrant bazaars and events in 
Singapore for sumptuous food and flashy fashion get-ups."
https://www.augustman.com/sg/entertainment/culture/events/things-to-do-in-singapore-in-august-singapore-night-festival-films-at-the-fort-billie-eilish-live-in-singapore-and-more/,"From Concerts To Night Festivals, Here Are Top Events Happening In 
Singapore This August","Bring your own picnic mat and food but note that the only alcohol allowed 
is from the event space."
https://www.asiaone.com/lifestyle/best-things-do-singapore-december-2023,The best things to do in Singapore (December 2023),"December in Singapore heralds a tapestry of festive celebrations and 
exciting events. As the year draws to a close, the city comes alive..."
https://www.timeout.com/singapore/things-to-do/best-chinese-new-year-events-in-singapore,The best Chinese New Year Events In Singapore 2024,"Kick off a roaring good year of the dragon at these spectacular festive 
events."
https://www.lifestyleasia.com/sg/whats-on/events-whats-on/best-2024-chinese-new-year-singapore-events-chinatown-marina-bay-sands-chingay/,"The best Chinese New Year events in Singapore to enjoy the holiday 
festivities","From Chingay and Gardens by the Bay's Dahlia festival to Chinatown's big 
fair, these are the best Chinese New Year 2024 events in Singapore."
https://www.timeout.com/singapore/things-to-do/the-best-things-to-do-in-singapore-in-november,The Best Things To Do In Singapore In November 2023,"With live performances, events and exhibitions, Singapore is full of tunes 
this month."
https://www.lifestyleasia.com/sg/whats-on/events-whats-on/best-music-concerts-festivals-in-singapore-2023/,The best live music concerts and festivals in Singapore for 2023,"BLACKPINK, Harry Styles, and more will perform live in Singapore this year 
–here are the best music concerts and festivals to go to in 2023."
https://www.timeout.com/singapore/things-to-do/best-things-to-do-in-singapore-in-january,12 Best Things To Do In Singapore This January 2024,"Welcome to 2024! We're off to a running start this January with a packed 
calendar of events. The first month of the year is all about art,..."
https://www.lifestyleasia.com/sg/whats-on/events-whats-on/a-guide-to-christmas-events-in-singapore-2023-festive-markets-lights/,"Best Christmas events in Singapore 2023: Festive markets, night lights, and 
more","Bask in the jolly spirit of Christmas 2023 by exploring events like festive 
markets, night lights, and themed events in Singapore."
https://www.timeout.com/singapore/things-to-do/the-best-things-to-do-in-singapore-in-july,11 Best Things To Do In Singapore In July,Save the date for the most exciting concerts and more.
https://www.lifestyleasia.com/sg/culture/events/best-things-events-to-do-in-singapore-this-week-and-weekend/,The best things to do in Singapore this month – January 2024,"From pop-up events to themed festivals and museum exhibitions, here are the 
best things to do in Singapore this week."
https://www.timeout.com/singapore/things-to-do/the-best-things-to-do-in-singapore-in-august,The Best Things To Do In Singapore In August,"This National Day month, show up for Billie Eilish and Sigur Ros concerts, 
National Day events and Singapore Night Festival."
https://www.timeout.com/singapore/things-to-do/the-best-things-to-do-in-singapore-in-october,The Best Things To Do In Singapore In October 2023,"On the calendar: dazzling concerts, thought-provoking film festivals, and a 
buzzy bar series."
https://www.timeout.com/singapore/things-to-do/the-best-things-to-do-in-singapore-in-june,12 Best Things To Do In Singapore In June 2023,"Be spoilt for choice this June with so many exciting activities on offer. 
Written by Vianne Chia. Cheryl Sekkappan. Edited by."
https://www.8days.sg/seeanddo/thingstodo/things-do-singapore-2023-weekend-june-30-july-2-804251,Best Things To Do In Singapore This Weekend (June 30-July 2),"Whether you're looking to slow down or to feed your need for speed this 
weekend, there's a whole host of events islandwide that will keep..."
https://www.tatlerasia.com/lifestyle/entertainment/exciting-must-see-events-singapore-may-2023,Best events happening in Singapore in May 2023,"As we approach the mid-year period soon, events are still going strong and 
there is plenty to do around the island."
https://www.timeout.com/singapore/things-to-do/the-best-events-in-singapore-to-look-forward-to-in-2023,The Best Events In Singapore To Look Forward To In 2023,"Say hello to Artbox, sway to Cigarettes After Sex, or rock out to 
female-fronted music festival, The Alex Charlie Blake Sessions."
https://www.timeout.com/singapore/things-to-do/best-things-to-do-in-singapore-in-february,The Best Things To Do In Singapore In February 2024,It's all about stellar live concerts and exciting night markets this month.
https://www.timeout.com/singapore/things-to-do/the-best-things-to-do-in-singapore-in-may,The Best Things To Do In Singapore In May 2023,"Make it May-morable with concerts by the hottest stars and the return of 
all your favourite festivals."
https://www.timeout.com/singapore/music/best-taylor-swift-themed-events,7 Taylor Swift-Themed Events In Singapore You Should Not Miss Out On,"... events in Singapore. There's a myriad of events happening, yet we still 
can't get enough of her. Xiao Qing Wan. Written by."
https://www.timeout.com/singapore/things-to-do/the-best-things-to-do-in-singapore-in-december,The Best Things To Do In Singapore In December,"Congrats, you made it to the last month of 2023. Now end the year in style 
with festive events, NYE concerts, and more."
https://www.timeout.com/singapore/nightlife/the-best-new-years-eve-parties-in-singapore,The Best New Year's Eve Events In Singapore,"Celebrate the dawn of 2024 in style with free-flow booze, the best 
restaurants, special menus, and unparalleled views of the city skyline."
https://www.timeout.com/singapore/things-to-do/best-christmas-events-in-singapore,"The Best Christmas Events In Singapore: What To Do For Christmas in 
Singapore",Treat yourself to the holl-iest events and spread the festive cheer!
https://thehoneycombers.com/singapore/things-to-do-in-singapore-june/,June 2023 events: 11 exciting things to do in Singapore | Honeycombers,"Looking for fun things to do in June? Check out these fun exhibitions and 
exciting cinematic experiences for non-stop fun in Singapore."
https://thehoneycombers.com/singapore/things-to-do-in-singapore-february/,13 exciting things to do in Singapore: February 2024 | Honeycombers,"Looking for things to do in Singapore? February is packed with exciting 
exhibitions, fun-filled carnivals, mega food festivals and more!"
https://thesmartlocal.com/read/concerts-in-singapore-2023/,"14 Note-Worthy Concerts In SG To Get Tickets For Including Those That Still 
Have Seats Available","With a slew of concerts and music festivals happening in 2023, you'll find 
that there are plenty of events for you and the gang to head to."
https://thehoneycombers.com/singapore/christmas-events-singapore/,20 best Christmas 2023 events in Singapore,"It's time to get festive! With fabulous Christmas 2023 events in Singapore, 
you'll have to join the merrymaking because resistance is..."
https://www.augustman.com/sg/wellness/health/four-fun-events-to-attend-during-wellness-festival-singapore-2023/,Four Fun Events To Attend During Wellness Festival Singapore 2023,"Wellness Festival Singapore is happening this June and here are some of the 
top events that you may want to attend. Returning for its second..."
https://thehoneycombers.com/singapore/things-to-do-in-singapore-november/,All the hottest things to do in Singapore this November,"Don't miss exciting festivals, scrumptious grub, cool new exhibitions and 
more things to do in Singapore this November."
https://thehoneycombers.com/singapore/upcoming-concerts-shows-bands-singapore/,Best live concerts and music gigs in Singapore for 2024 | Honeycombers,"From indie musicians to exciting big acts, check out the most happening 
upcoming concerts in Singapore. We love the electrifying feeling of..."
https://www.augustman.com/sg/entertainment/culture/events/best-things-to-do-in-singapore-this-week/,Best Things To Do In Singapore In The Month Of September 2023,"The best things to do in Singapore in September 2023 include exciting 
festivals, cool pop-up events and more. Check them out."
https://www.asiaone.com/lifestyle/top-40-free-things-do-singapore-december-2023-christmas-markets-santa-meet-greet-santa,"Top 40 free things to do in Singapore (December 2023): Christmas markets, 
Santa meet & greet, Santa Paws pet event","Bored as well as broke? We've got good news for you. This December, there's 
no way you'll miss out on the festivities with the slew of..."
https://www.augustman.com/sg/entertainment/culture/events/best-music-concerts-festivals-in-singapore-2023/,"Best Concerts And Festivals Happening In Singapore To Bookmark On Your 2023 
Calendar","From Harry Styles to BLACKPINK, these are the best music concerts and 
festivals happening in Singapore in 2023."
https://www.8days.sg/seeanddo/thingstodo/things-do-singapore-2023-weekend-mar-17-19-761011,Best Things To Do In Singapore This Weekend (Mar 17-19),"If you love shopping and partying, then it's probably best you plan your 
weekend, stat. Mega events are set to take over parts of the island..."
https://www.8days.sg/seeanddo/thingstodo/things-do-singapore-2023-weekend-mar-24-26-763931,Best Things To Do In Singapore This Weekend (Mar 24-26),"Wondering where to hang out, eat and shop this weekend? We've got a few 
ideas for you, from barbeque parties and cocktails to Earth Hour..."
https://coconuts.co/singapore/news/5-major-events-that-shaped-singapore-in-2022-top-happenings/,5 major events that shaped Singapore in 2022,"There's been so so much wackiness this past year that it may be hard to 
remember some of the more serious and significant events that shaped..."
https://coconuts.co/singapore/lifestyle/best-things-to-do-in-singapore-this-week-and-weekend/,Best Things To Do in Singapore This New Year Weekend (Dec. 29-Jan. 1),"Singapore is a city that never sleeps, especially on weekends. Whether you 
are looking for culture, nature, shopping, or nightlife, you will find 
something..."
https://www.timeout.com/singapore/nightlife/the-best-valentines-day-events-in-singapore,9 Best Valentine's Day Events In Singapore,Paint the town love red with the loveliest events in the city.
https://www.augustman.com/sg/entertainment/culture/events/things-to-do-in-singapore-this-june-gastrobeats-ilight-singapore-and-art-exhibitions/,"From Food Events To Art Installations, Here’s What’s Happening In June 2022 
In Singapore","The city is back in full swing this month, so if you're looking for things 
to do in Singapore in June 2022 -- we've got you sorted."
https://www.straitstimes.com/singapore/consumer/f1s-return-boosts-singapores-mice-industry-heavy-hitting-events-returning-around-race-period,"F1's return boosts Singapore's Mice industry, with 25 major events timed 
around race period","Events happening around the race period include the Milken Institute Asia 
Summit and Forbes Global CEO Conference."
https://thehoneycombers.com/singapore/things-to-do-in-singapore-august/,10 exciting things to do in Singapore: August 2023 | Honeycombers,"Wanna know what the month has in store? Here's our list of top things to do 
in Singapore this August! We're leaving July behind and entering..."
https://www.littledayout.com/mid-autumn-festival-singapore-lanterns-events-activities/,Mid-Autumn Festival In Singapore 2023: Events & Things To See And Do,"The Mid-Autumn Festival is one of the most festive times in Singapore, one 
where families and friends look forward to getting together and reunion."
https://www.asiaone.com/lifestyle/top-33-free-things-do-singapore-february-2024-river-hongbao-light-night-festival-pet,"Top 33 free things to do in Singapore (February 2024): River Hongbao, Light 
to Night festival, pet-friendly farmers ...","Bored as well as broke? We've got good news for you. This February, there's 
no way you'll miss out on the festivities with the slew of..."
https://www.8days.sg/seeanddo/thingstodo/best-things-do-singapore-june-2022-643546,"Best Things To Do In Singapore In June 2022 — Including Free Workouts, 
Pop-Up Festivals, Warehouse Parties & More",Start planning early.
https://www.prestigeonline.com/sg/lifestyle/wine-plus-dine/drink-events-at-singapores-best-bars-may/,Bottoms up: Drink events happening this month at Singapore’s best bars,"Jump To / Table of Contents · 20 May: The Aubrey guest shift @ MO Bar · Now 
till 22 May: Vesper pop up at @ Long Bar · 24-25 May: Friends of Manhattan 
feat. La..."
https://www.lifestyleasia.com/sg/dining/drinks/italian-futurism-and-spacey-wines-8-new-drink-events-in-singapore-from-15-30-june/,8 new drink events in Singapore from 15-30 June 2022,"The second half of June 2022 brings a wine dinner, Penfolds pop-up, more 
Father's Day deals, guest shifts, and more at these drink events."
https://fintechnews.sg/82031/events/top-18-fintech-events-in-singapore-to-attend-in-2024/,Top 18 Fintech Events in Singapore to Attend in 2024 - Fintech Singapore,"Fintech Events and Summits happening in 2024. Check out our list of 18 
selected fintech events in Singapore."
https://thehoneycombers.com/singapore/christmas-markets-bazaars-pop-ups-shopping-singapore/,Best Christmas markets in Singapore: 2023 edition,"The most wonderful time of the year is coming real soon. What's a little 
Christmas tradition without some good old shopping?"
https://thehoneycombers.com/singapore/things-to-do-in-singapore-march/,Best things to do in Singapore: March 2024 | Honeycombers,"Looking for things to do in Singapore? March is packed with exciting night 
markets, foodie collabs, mind-bending exhibitions and more!"
https://www.timeout.com/singapore/art/the-best-arts-events-to-check-out-this-week,The Best Art Exhibitions In Singapore This June,"Keep up with our round-up of the best art exhibitions and showcases 
happening around town."
https://fintechnews.sg/64307/events/top-12-upcoming-fintech-events-taking-place-in-singapore-in-q4-2022/,"Top 12 Upcoming Fintech Events Taking Place in Singapore in Q4 2022 - 
Fintech Singapore","As the year is about to come to a close, we've compiled a list of the most 
anticipated fintech events, forums and conferences taking place..."
https://www.todayonline.com/8days/seeanddo/thingstodo/best-things-do-singapore-october-2019,Best Things To Do In Singapore In October 2019,"A handy guide to more than 20 of the top activities happening in Singapore 
this month."
https://www.timeout.com/singapore/things-to-do/best-things-to-do-in-singapore-in-march,The Best Things To Do In Singapore In March 2024,"The best concerts, exhibitions, and plays happening this March in Singapore."
https://www.8days.sg/seeanddo/thingstodo/things-do-singapore-december-2022-718206,"Best Things To Do In Singapore In December 2022 — Carnivals, Christmas 
Markets & More Activities For The Whole ...","You know the end of the year is here when the island is absolutely buzzing 
with activities, from Christmas market pop-ups and family-friendly 
carnivals to..."
https://fintechnews.sg/67679/events/top-fintech-events-taking-place-in-asia-in-q1-2023/,Top Fintech Events Taking Place in Asia in Q1 2023 - Fintech Singapore,"With 2023 just around the corner, we've curated a list of the most highly 
anticipated fintech events and conferences taking place in the..."
https://thehoneycombers.com/singapore/2021-year-in-review-singapore/,2021 year in review Singapore: All the memorable moments | Honeycombers,"Did 2021 turn out the way you imagined it to be? Let's revisit all the 
happenings in Singapore and around the world. And just like that,..."
https://www.augustman.com/sg/dining/drinks/new-years-eve-2022-drink-events-bars-singapore/,8 Drink Events In Singapore To Celebrate The Arrival Of 2022,"Celebrate 2022 with free flow drinks, rooftop views and champagne at these 
New Year's Eve drink events happening in Singapore's best bars."
https://www.runsociety.com/running-events-in-singapore/,Running Events in Singapore,"Welcome to the most comprehensive community calendar for running events in 
Singapore, your go-to destination for all mass participation events, 
including."
https://www.littledayout.com/top-weekend-activities-to-do-with-kids-in-singapore/,Top Weekend Activities To Do With Kids In Singapore,"Weekends are for all things family, fun and fitness! The two days that end 
(or start) the week pass too quickly and we often anticipate it..."
https://www.msn.com/en-in/travel/news/5-must-see-events-happening-alongside-taylor-swift-s-eras-tour-in-singapore/ar-BB1j5UwN,5 Must-See Events Happening Alongside Taylor Swift's Eras Tour In Singapore,"In recent years, Singapore has evolved into an entertainment hotspot, 
attracting various global artists for their world tours. The latest 
addition to join..."
https://www.theurbanlist.com/singapore,URBAN LIST SINGAPORE: GOOD LIFE. GOOD COMPANY,"If you, like us, simply can't get enough of Taylor Swift right now, there 
are plenty of upcoming events to help you celebrate The Eras…"
https://www.timeout.com/singapore/music/upcoming-concerts-in-singapore,The Best Upcoming Concerts And Music Festivals In Singapore 2023,"The first quarter of 2024 is gearing up to host some major musical talents. 
Mingli Seet. Written by. Mingli Seet. Sunday 25 February 2024."
https://senatus.net/article/2013-top-10-luxury-events-singapore/,Top 10 Luxury Events in Singapore for 2013,"The SENATUS pop-up showcase for Grey Goose Singapore - ""Celebrating 
Visionaries,"" featured key milestones in 2013 that enhanced Singapore's..."
https://sg.theasianparent.com/family-friendly-events-in-november-2023-singapore,Top Family Events in November 2023: Singapore's Must-See List,"Discover the best family events in Singapore this November! From literary 
fests to eco markets, plan your month of fun."
https://thebeaulife.co/lifestyle-guides/things-to-do-in-singapore-october-2023,14 Things To Do In Singapore In October 2023,"Don't you find it odd that we're already in October? Time sure flies by 
quickly, but rest assured that we'll always make time for these..."
https://thebeaulife.co/lifestyle-guides/things-to-do-in-singapore-july-2023,23 Things To Do In Singapore In July 2023,"How is it already the second half of the year? July-ing! Step into the new 
month with a smile and uncover cool spots to eat, shop and explore with our 
guide..."
https://sg.theasianparent.com/where-to-go-this-weekend,Weekend Activities in Singapore: Top Picks for Fun & Adventure,"Make the most of your weekend in Singapore! Explore our guide to the best 
activities and events, from art exhibitions to festivals."
https://thebeaulife.co/lifestyle-guides/things-to-do-in-singapore-december-2023,5 Things To Do In Singapore In December 2023,"It's December, and that means it's time for us to reflect on the lessons of 
the past year and look forward to creating even better..."
https://thebeaulife.co/lifestyle-guides/things-to-do-in-singapore-january-2024,8 Things To Do In Singapore In January 2024,"New year; same ol' love for epic weekend experiences that offer you respite 
from the daily grind. Kickstart your year with our guide to all..."
https://thebeaulife.co/lifestyle-guides/things-to-do-in-singapore-august-2023,25 Things To Do In Singapore In August 2023,"Ready for August? We know we are! Embrace the new month with positive vibes 
and discover our guide to the best events and happenings in..."
